{"total":28,"rows":[
	{"productid":"FI-SW-01","productname":"(Lenovo)G50-70M 234.6","bz":23.00,"jd":2.00,"dd":34.00,"yhd":234.00,"gm":23.00,"sn":234.00,"itemid":"EST-1"},
	{"productid":"FI-SW-01","productname":"Koi","bz":10.00,"jd":10.00,"dd":10.00,"yhd":23.00,"gm":23.00,"sn":234.00,"itemid":"EST-1"},
	{"productid":"FI-SW-01","productname":"Koi","bz":20.00,"jd":30.00,"dd":30.00,"yhd":234.00,"gm":23.00,"sn":23.00,"itemid":"EST-1"},
	{"productid":"FI-SW-01","productname":"Koi","bz":30.00,"jd":50.00,"dd":120.00,"yhd":10.00,"gm":10.00,"sn":23.00,"itemid":"EST-1"},
	{"productid":"FI-SW-01","productname":"Koi","bz":43.00,"jd":20.00,"dd":1023.00,"yhd":52.00,"gm":23.00,"sn":1.00,"itemid":"EST-1"},
	{"productid":"FI-SW-01","productname":"Koi","bz":34.00,"jd":10.00,"dd":20.00,"yhd":3.00,"gm":234.00,"sn":23.00,"itemid":"EST-1"},
	{"productid":"FI-SW-01","productname":"Koi","bz":234.00,"jd":50.00,"dd":230.00,"yhd":234.00,"gm":23.00,"sn":234.00,"itemid":"EST-1"},
	{"productid":"FI-SW-01","productname":"Koi","bz":23.00,"jd":15.00,"dd":40.00,"yhd":10.00,"gm":23.00,"sn":23.00,"itemid":"EST-1"},
	{"productid":"FI-SW-01","productname":"Koi","bz":52.00,"jd":2.00,"dd":10.00,"yhd":23.00,"gm":23.00,"sn":23.00,"itemid":"EST-1"},
	{"productid":"FI-SW-01","productname":"Koi","bz":234.00,"jd":10.00,"dd":10.00,"yhd":10.00,"gm":234.00,"sn":24.00,"itemid":"EST-1"},
	{"productid":"FI-SW-01","productname":"Koi","bz":23.00,"jd":10.00,"dd":10.00,"yhd":10.00,"gm":234.00,"sn":23.00,"itemid":"EST-1"},
	{"productid":"FI-SW-01","productname":"Koi","bz":52.00,"jd":10.00,"dd":10.00,"yhd":10.00,"gm":2.00,"sn":1.00,"itemid":"EST-1"},
	{"productid":"FI-SW-01","productname":"Koi","bz":234.00,"jd":10.00,"dd":10.00,"yhd":10.00,"gm":32.00,"sn":10.00,"itemid":"EST-1"},
	{"productid":"FI-SW-01","productname":"Koi","bz":23.00,"jd":10.00,"dd":10.00,"yhd":10.00,"gm":23.00,"sn":10.00,"itemid":"EST-1"},
	{"productid":"FI-SW-01","productname":"Koi","bz":52.00,"jd":10.00,"dd":10.00,"yhd":10.00,"gm":10.00,"sn":10.00,"itemid":"EST-1"},
	{"productid":"FI-SW-01","productname":"Koi","bz":51.00,"jd":10.00,"dd":10.00,"yhd":10.00,"gm":10.00,"sn":10.00,"itemid":"EST-1"},
	{"productid":"FI-SW-01","productname":"Koi","bz":523.00,"jd":10.00,"dd":10.00,"yhd":10.00,"gm":10.00,"sn":10.00,"itemid":"EST-1"},
	{"productid":"FI-SW-01","productname":"Koi","bz":52.00,"jd":10.00,"dd":10.00,"yhd":10.00,"gm":10.00,"sn":10.00,"itemid":"EST-1"},
	{"productid":"FI-SW-01","productname":"Koi","bz":234.00,"jd":10.00,"dd":10.00,"yhd":10.00,"gm":10.00,"sn":10.00,"itemid":"EST-1"},
	{"productid":"FI-SW-01","productname":"Koi","bz":523.00,"jd":10.00,"dd":10.00,"yhd":10.00,"gm":10.00,"sn":10.00,"itemid":"EST-1"}
]}
